,Date,Values
0,10/8/14 7:15:01 PM,23.394
1,10/8/14 7:25:01 PM,23.457
2,10/8/14 7:35:01 PM,23.394
3,10/8/14 7:45:01 PM,23.144
4,10/8/14 7:55:01 PM,22.894
5,10/8/14 8:05:01 PM,22.206
6,10/8/14 8:15:01 PM,22.706
7,10/8/14 8:25:01 PM,22.394
8,10/8/14 8:35:01 PM,22.081
9,10/8/14 8:45:01 PM,21.894
10,10/8/14 8:55:01 PM,21.706
11,10/8/14 9:05:01 PM,22.269
12,10/8/14 9:15:01 PM,24.144
13,10/8/14 9:25:01 PM,24.207
14,10/8/14 9:35:01 PM,24.207
15,10/8/14 9:45:01 PM,24.269
16,10/8/14 9:55:01 PM,24.269
17,10/8/14 10:05:01 PM,24.269
18,10/8/14 10:15:01 PM,24.269
19,10/8/14 10:25:01 PM,24.269
20,10/8/14 10:35:01 PM,24.269
21,10/8/14 10:45:01 PM,24.207
22,10/8/14 10:55:01 PM,24.207
23,10/8/14 11:05:01 PM,24.207
24,10/8/14 11:15:01 PM,24.207
25,10/8/14 11:25:01 PM,24.207
26,10/8/14 11:35:01 PM,24.207
27,10/8/14 11:45:01 PM,24.207
28,10/8/14 11:55:01 PM,24.207
29,10/9/14 12:05:01 AM,24.269
30,10/9/14 12:15:01 AM,24.269
31,10/9/14 12:25:01 AM,24.332
32,10/9/14 12:35:01 AM,24.394
33,10/9/14 12:45:01 AM,24.457
34,10/9/14 12:55:01 AM,24.519
35,10/9/14 1:05:01 AM,24.582
36,10/9/14 1:15:01 AM,24.644
37,10/9/14 1:25:01 AM,24.769
38,10/9/14 1:35:01 AM,24.832
39,10/9/14 1:45:01 AM,24.957
40,10/9/14 1:55:01 AM,25.02
41,10/9/14 2:05:01 AM,25.145
42,10/9/14 2:15:01 AM,25.27
43,10/9/14 2:25:01 AM,25.395
44,10/9/14 2:35:01 AM,25.582
45,10/9/14 2:45:01 AM,25.77
46,10/9/14 2:55:01 AM,25.895
47,10/9/14 3:05:01 AM,26.145
48,10/9/14 3:15:01 AM,26.332
49,10/9/14 3:25:01 AM,26.582
50,10/9/14 3:35:01 AM,26.832
51,10/9/14 3:45:01 AM,27.082
52,10/9/14 3:55:01 AM,27.332
53,10/9/14 4:05:01 AM,27.644
54,10/9/14 4:15:01 AM,27.957
55,10/9/14 4:25:01 AM,28.332
56,10/9/14 4:35:01 AM,28.644
57,10/9/14 4:45:01 AM,29.019
58,10/9/14 4:55:01 AM,29.394
59,10/9/14 5:05:01 AM,29.768
60,10/9/14 5:15:01 AM,30.206
61,10/9/14 5:25:01 AM,30.58
62,10/9/14 5:35:01 AM,31.018
63,10/9/14 5:45:01 AM,31.392
64,10/9/14 5:55:01 AM,31.83
65,10/9/14 6:05:01 AM,32.204
66,10/9/14 6:15:01 AM,32.579
67,10/9/14 6:25:01 AM,33.016
68,10/9/14 6:35:01 AM,33.391
69,10/9/14 6:45:01 AM,33.765
70,10/9/14 6:55:01 AM,34.077
71,10/9/14 7:05:01 AM,34.452
72,10/9/14 7:15:01 AM,34.764
73,10/9/14 7:25:01 AM,35.139
74,10/9/14 7:35:01 AM,35.451
75,10/9/14 7:45:01 AM,35.825
76,10/9/14 7:55:01 AM,36.137
77,10/9/14 8:05:01 AM,36.45
78,10/9/14 8:15:01 AM,36.699
79,10/9/14 8:25:01 AM,36.949
80,10/9/14 8:35:01 AM,37.198
81,10/9/14 8:45:01 AM,37.386
82,10/9/14 8:55:01 AM,37.511
83,10/9/14 9:05:01 AM,37.635
84,10/9/14 9:15:01 AM,37.76
85,10/9/14 9:25:01 AM,37.823
86,10/9/14 9:35:01 AM,37.885
87,10/9/14 9:45:01 AM,37.947
88,10/9/14 9:55:01 AM,37.947
89,10/9/14 10:05:01 AM,37.947
90,10/9/14 10:15:01 AM,37.885
91,10/9/14 10:25:01 AM,37.823
92,10/9/14 10:35:01 AM,37.76
93,10/9/14 10:45:01 AM,37.698
94,10/9/14 10:55:01 AM,37.635
95,10/9/14 11:05:01 AM,37.511
96,10/9/14 11:15:01 AM,37.386
97,10/9/14 11:25:01 AM,37.261
98,10/9/14 11:35:01 AM,37.198
99,10/9/14 11:45:01 AM,37.074
100,10/9/14 11:55:01 AM,36.949
101,10/9/14 12:05:01 PM,36.824
102,10/9/14 12:15:01 PM,36.699
103,10/9/14 12:25:01 PM,36.574
104,10/9/14 12:35:01 PM,36.45
105,10/9/14 12:45:01 PM,36.262
106,10/9/14 12:55:01 PM,36.137
107,10/9/14 1:05:01 PM,36.013
108,10/9/14 1:15:01 PM,35.888
109,10/9/14 1:25:01 PM,35.763
110,10/9/14 1:35:01 PM,35.576
111,10/9/14 1:45:01 PM,35.451
112,10/9/14 1:55:01 PM,35.326
113,10/9/14 2:05:01 PM,35.201
114,10/9/14 2:15:01 PM,35.076
115,10/9/14 2:25:01 PM,34.951
116,10/9/14 2:35:01 PM,34.827
117,10/9/14 2:45:01 PM,34.702
118,10/9/14 2:55:01 PM,34.515
119,10/9/14 3:05:01 PM,34.39
120,10/9/14 3:15:01 PM,34.265
121,10/9/14 3:25:01 PM,33.703
122,10/9/14 3:35:01 PM,33.141
123,10/9/14 3:45:01 PM,32.517
124,10/9/14 3:55:01 PM,31.892
125,10/9/14 4:05:01 PM,31.268
126,10/9/14 4:15:01 PM,30.643
127,10/9/14 4:25:01 PM,30.018
128,10/9/14 4:35:01 PM,29.456
129,10/9/14 4:45:01 PM,28.894
130,10/9/14 4:55:01 PM,28.332
131,10/9/14 5:05:01 PM,27.832
132,10/9/14 5:15:01 PM,27.394
133,10/9/14 5:25:01 PM,26.894
134,10/9/14 5:35:01 PM,26.457
135,10/9/14 5:45:01 PM,26.082
136,10/9/14 5:55:01 PM,25.707
137,10/9/14 6:05:01 PM,25.332
138,10/9/14 6:15:01 PM,24.957
139,10/9/14 6:25:01 PM,24.644
140,10/9/14 6:35:01 PM,24.332
141,10/9/14 6:45:01 PM,24.019
142,10/9/14 6:55:01 PM,23.769
143,10/9/14 7:05:01 PM,23.519
144,10/9/14 7:15:01 PM,23.269
145,10/9/14 7:25:01 PM,23.019
146,10/9/14 7:35:01 PM,22.769
147,10/9/14 7:45:01 PM,22.581
148,10/9/14 7:55:01 PM,22.394
149,10/9/14 8:05:01 PM,22.206
150,10/9/14 8:15:01 PM,22.019
151,10/9/14 8:25:01 PM,21.831
152,10/9/14 8:35:01 PM,21.706
153,10/9/14 8:45:01 PM,21.518
154,10/9/14 8:55:01 PM,21.393
155,10/9/14 9:05:01 PM,21.268
156,10/9/14 9:15:01 PM,21.143
157,10/9/14 9:25:01 PM,21.018
158,10/9/14 9:35:01 PM,20.893
159,10/9/14 9:45:01 PM,20.768
160,10/9/14 9:55:01 PM,20.643
161,10/9/14 10:05:01 PM,20.58
162,10/9/14 10:15:01 PM,20.455
163,10/9/14 10:25:01 PM,20.393
164,10/9/14 10:35:01 PM,20.268
165,10/9/14 10:45:01 PM,20.205
166,10/9/14 10:55:01 PM,20.143
167,10/9/14 11:05:01 PM,20.08
168,10/9/14 11:15:01 PM,20.017
169,10/9/14 11:25:01 PM,19.955
170,10/9/14 11:35:01 PM,19.892
171,10/9/14 11:45:01 PM,19.83
172,10/9/14 11:55:01 PM,19.767
173,10/10/14 12:05:01 AM,19.705
174,10/10/14 12:15:01 AM,19.642
175,10/10/14 12:25:01 AM,19.58
176,10/10/14 12:35:01 AM,19.517
177,10/10/14 12:45:01 AM,19.455
178,10/10/14 12:55:01 AM,19.455
179,10/10/14 1:05:01 AM,19.392
180,10/10/14 1:15:01 AM,19.392
181,10/10/14 1:25:01 AM,19.392
182,10/10/14 1:35:01 AM,19.329
183,10/10/14 1:45:01 AM,19.329
184,10/10/14 1:55:01 AM,19.267
185,10/10/14 2:05:01 AM,19.204
186,10/10/14 2:15:01 AM,19.204
187,10/10/14 2:25:01 AM,19.142
188,10/10/14 2:35:01 AM,19.142
189,10/10/14 2:45:01 AM,19.079
190,10/10/14 2:55:01 AM,19.079
191,10/10/14 3:05:01 AM,19.017
192,10/10/14 3:15:01 AM,19.017
193,10/10/14 3:25:01 AM,18.954
194,10/10/14 3:35:01 AM,18.954
195,10/10/14 3:45:01 AM,18.892
196,10/10/14 3:55:01 AM,18.892
197,10/10/14 4:05:01 AM,18.829
198,10/10/14 4:15:01 AM,18.829
199,10/10/14 4:25:01 AM,18.829
200,10/10/14 4:35:01 AM,18.766
201,10/10/14 4:45:01 AM,18.766
202,10/10/14 4:55:01 AM,18.704
203,10/10/14 5:05:01 AM,18.704
204,10/10/14 5:15:01 AM,18.704
205,10/10/14 5:25:01 AM,18.641
206,10/10/14 5:35:01 AM,18.641
207,10/10/14 5:45:01 AM,18.641
208,10/10/14 5:55:01 AM,18.579
209,10/10/14 6:05:01 AM,18.579
210,10/10/14 6:15:01 AM,18.579
211,10/10/14 6:25:01 AM,18.579
212,10/10/14 6:35:01 AM,18.516
213,10/10/14 6:45:01 AM,18.516
214,10/10/14 6:55:01 AM,18.516
215,10/10/14 7:05:01 AM,18.454
216,10/10/14 7:15:01 AM,18.454
217,10/10/14 7:25:01 AM,18.454
218,10/10/14 7:35:01 AM,18.454
219,10/10/14 7:45:01 AM,18.454
220,10/10/14 7:55:01 AM,18.391
221,10/10/14 8:05:01 AM,18.391
222,10/10/14 8:15:01 AM,18.391
223,10/10/14 8:25:01 AM,18.391
224,10/10/14 8:35:01 AM,18.391
225,10/10/14 8:45:01 AM,18.391
226,10/10/14 8:55:01 AM,18.391
227,10/10/14 9:05:01 AM,18.454
228,10/10/14 9:15:01 AM,18.516
229,10/10/14 9:25:01 AM,18.579
230,10/10/14 9:35:01 AM,18.641
231,10/10/14 9:45:01 AM,18.641
232,10/10/14 9:55:01 AM,18.704
233,10/10/14 10:05:01 AM,18.704
234,10/10/14 10:15:01 AM,18.766
235,10/10/14 10:25:01 AM,18.766
236,10/10/14 10:35:01 AM,18.766
237,10/10/14 10:45:01 AM,18.829
238,10/10/14 10:55:01 AM,18.829
239,10/10/14 11:05:01 AM,18.829
240,10/10/14 11:15:01 AM,18.829
241,10/10/14 11:25:01 AM,18.829
242,10/10/14 11:35:01 AM,18.829
243,10/10/14 11:45:01 AM,18.829
244,10/10/14 11:55:01 AM,18.829
245,10/10/14 12:05:01 PM,18.829
246,10/10/14 12:15:01 PM,18.829
247,10/10/14 12:25:01 PM,18.892
248,10/10/14 12:35:01 PM,18.892
249,10/10/14 12:45:01 PM,18.892
250,10/10/14 12:55:01 PM,18.892
251,10/10/14 1:05:01 PM,18.892
252,10/10/14 1:15:01 PM,18.892
253,10/10/14 1:25:01 PM,18.892
254,10/10/14 1:35:01 PM,18.892
255,10/10/14 1:45:01 PM,18.892
256,10/10/14 1:55:01 PM,18.892
257,10/10/14 2:05:01 PM,18.892
258,10/10/14 2:15:01 PM,18.892
259,10/10/14 2:25:01 PM,18.892
260,10/10/14 2:35:01 PM,18.892
261,10/10/14 2:45:01 PM,18.892
262,10/10/14 2:55:01 PM,18.892
263,10/10/14 3:05:01 PM,18.892
264,10/10/14 3:15:01 PM,18.892
265,10/10/14 3:25:01 PM,18.829
266,10/10/14 3:35:01 PM,18.829
267,10/10/14 3:45:01 PM,18.829
268,10/10/14 3:55:01 PM,18.829
269,10/10/14 4:05:01 PM,18.829
270,10/10/14 4:15:01 PM,18.829
271,10/10/14 4:25:01 PM,18.829
272,10/10/14 4:35:01 PM,18.829
273,10/10/14 4:45:01 PM,18.829
274,10/10/14 4:55:01 PM,18.829
275,10/10/14 5:05:01 PM,18.829
276,10/10/14 5:15:01 PM,18.829
277,10/10/14 5:25:01 PM,18.829
278,10/10/14 5:35:01 PM,18.829
279,10/10/14 5:45:01 PM,18.766
280,10/10/14 5:55:01 PM,18.766
281,10/10/14 6:05:01 PM,18.766
282,10/10/14 6:15:01 PM,18.766
283,10/10/14 6:25:01 PM,18.766
284,10/10/14 6:35:01 PM,18.766
285,10/10/14 6:45:01 PM,18.766
286,10/10/14 6:55:01 PM,18.766
287,10/10/14 7:05:01 PM,18.766
288,10/10/14 7:15:01 PM,18.766
289,10/10/14 7:25:01 PM,18.766
290,10/10/14 7:35:01 PM,18.766
291,10/10/14 7:45:01 PM,18.704
292,10/10/14 7:55:01 PM,18.704
293,10/10/14 8:05:01 PM,18.704
294,10/10/14 8:15:01 PM,18.704
295,10/10/14 8:25:01 PM,18.704
296,10/10/14 8:35:01 PM,18.704
297,10/10/14 8:45:01 PM,18.704
298,10/10/14 8:55:01 PM,18.704
299,10/10/14 9:05:01 PM,18.704
300,10/10/14 9:15:01 PM,18.704
301,10/10/14 9:25:01 PM,18.704
302,10/10/14 9:35:01 PM,18.704
303,10/10/14 9:45:01 PM,18.641
304,10/10/14 9:55:01 PM,18.641
305,10/10/14 10:05:01 PM,18.641
306,10/10/14 10:15:01 PM,18.641
307,10/10/14 10:25:01 PM,18.641
308,10/10/14 10:35:01 PM,18.641
309,10/10/14 10:45:01 PM,18.641
310,10/10/14 10:55:01 PM,18.641
311,10/10/14 11:05:01 PM,18.641
312,10/10/14 11:15:01 PM,18.641
313,10/10/14 11:25:01 PM,18.641
314,10/10/14 11:35:01 PM,18.579
315,10/10/14 11:45:01 PM,18.579
316,10/10/14 11:55:01 PM,18.579
317,10/11/14 12:05:01 AM,18.579
318,10/11/14 12:15:01 AM,18.579
319,10/11/14 12:25:01 AM,18.579
320,10/11/14 12:35:01 AM,18.579
321,10/11/14 12:45:01 AM,18.579
322,10/11/14 12:55:01 AM,18.579
323,10/11/14 1:05:01 AM,18.579
324,10/11/14 1:15:01 AM,18.579
325,10/11/14 1:25:01 AM,18.579
326,10/11/14 1:35:01 AM,18.516
327,10/11/14 1:45:01 AM,18.516
328,10/11/14 1:55:01 AM,18.516
329,10/11/14 2:05:01 AM,18.516
330,10/11/14 2:15:01 AM,18.516
331,10/11/14 2:25:01 AM,18.516
332,10/11/14 2:35:01 AM,18.516
333,10/11/14 2:45:01 AM,18.516
334,10/11/14 2:55:01 AM,18.516
335,10/11/14 3:05:01 AM,18.516
336,10/11/14 3:15:01 AM,18.516
337,10/11/14 3:25:01 AM,18.454
338,10/11/14 3:35:01 AM,18.454
339,10/11/14 3:45:01 AM,18.454
340,10/11/14 3:55:01 AM,18.454
341,10/11/14 4:05:01 AM,18.454
342,10/11/14 4:15:01 AM,18.454
343,10/11/14 4:25:01 AM,18.454
344,10/11/14 4:35:01 AM,18.454
345,10/11/14 4:45:01 AM,18.454
346,10/11/14 4:55:01 AM,18.454
347,10/11/14 5:05:01 AM,18.454
348,10/11/14 5:15:01 AM,18.454
349,10/11/14 5:25:01 AM,18.391
350,10/11/14 5:35:01 AM,18.391
351,10/11/14 5:45:01 AM,18.391
352,10/11/14 5:55:01 AM,18.391
353,10/11/14 6:05:01 AM,18.391
354,10/11/14 6:15:01 AM,18.391
355,10/11/14 6:25:01 AM,18.391
356,10/11/14 6:35:01 AM,18.391
357,10/11/14 6:45:01 AM,18.391
358,10/11/14 6:55:01 AM,18.391
359,10/11/14 7:05:01 AM,18.391
360,10/11/14 7:15:01 AM,18.391
361,10/11/14 7:25:01 AM,18.329
362,10/11/14 7:35:01 AM,18.329
363,10/11/14 7:45:01 AM,18.329
364,10/11/14 7:55:01 AM,18.329
365,10/11/14 8:05:01 AM,18.329
366,10/11/14 8:15:01 AM,18.329
367,10/11/14 8:25:01 AM,18.329
368,10/11/14 8:35:01 AM,18.329
369,10/11/14 8:45:01 AM,18.329
370,10/11/14 8:55:01 AM,18.329
371,10/11/14 9:05:01 AM,18.329
372,10/11/14 9:15:01 AM,18.266
373,10/11/14 9:25:01 AM,18.266
374,10/11/14 9:35:01 AM,18.266
375,10/11/14 9:45:01 AM,18.266
376,10/11/14 9:55:01 AM,18.266
377,10/11/14 10:05:01 AM,18.266
378,10/11/14 10:15:01 AM,18.266
379,10/11/14 10:25:01 AM,18.266
380,10/11/14 10:35:01 AM,18.266
381,10/11/14 10:45:01 AM,18.266
382,10/11/14 10:55:01 AM,18.203
383,10/11/14 11:05:01 AM,18.203
384,10/11/14 11:15:01 AM,18.203
385,10/11/14 11:25:01 AM,18.203
386,10/11/14 11:35:01 AM,18.203
387,10/11/14 11:45:01 AM,18.203
388,10/11/14 11:55:01 AM,18.203
389,10/11/14 12:05:01 PM,18.203
390,10/11/14 12:15:01 PM,18.203
391,10/11/14 12:25:01 PM,18.203
392,10/11/14 12:35:01 PM,18.203
393,10/11/14 12:45:01 PM,18.141
394,10/11/14 12:55:01 PM,18.141
395,10/11/14 1:05:01 PM,18.141
396,10/11/14 1:15:01 PM,18.141
397,10/11/14 1:25:01 PM,18.141
398,10/11/14 1:35:01 PM,18.141
399,10/11/14 1:45:01 PM,18.141
400,10/11/14 1:55:01 PM,18.141
401,10/11/14 2:05:01 PM,18.141
402,10/11/14 2:15:01 PM,18.141
403,10/11/14 2:25:01 PM,18.141
404,10/11/14 2:35:01 PM,18.141
405,10/11/14 2:45:01 PM,18.141
406,10/11/14 2:55:01 PM,18.078
407,10/11/14 3:05:01 PM,18.078
408,10/11/14 3:15:01 PM,18.078
409,10/11/14 3:25:01 PM,18.078
410,10/11/14 3:35:01 PM,18.078
411,10/11/14 3:45:01 PM,18.078
412,10/11/14 3:55:01 PM,18.078
413,10/11/14 4:05:01 PM,18.078
414,10/11/14 4:15:01 PM,18.078
415,10/11/14 4:25:01 PM,18.078
416,10/11/14 4:35:01 PM,18.078
417,10/11/14 4:45:01 PM,18.078
418,10/11/14 4:55:01 PM,18.016
419,10/11/14 5:05:01 PM,18.016
420,10/11/14 5:15:01 PM,18.016
421,10/11/14 5:25:01 PM,18.016
422,10/11/14 5:35:01 PM,18.016
423,10/11/14 5:45:01 PM,18.016
424,10/11/14 5:55:01 PM,18.016
425,10/11/14 6:05:01 PM,18.016
426,10/11/14 6:15:01 PM,18.016
427,10/11/14 6:25:01 PM,18.016
428,10/11/14 6:35:01 PM,18.016
429,10/11/14 6:45:01 PM,18.016
430,10/11/14 6:55:01 PM,17.953
431,10/11/14 7:05:01 PM,17.953
432,10/11/14 7:15:01 PM,17.953
433,10/11/14 7:25:01 PM,17.953
434,10/11/14 7:35:01 PM,17.953
435,10/11/14 7:45:01 PM,17.953
436,10/11/14 7:55:01 PM,17.953
437,10/11/14 8:05:01 PM,17.953
438,10/11/14 8:15:01 PM,17.953
439,10/11/14 8:25:01 PM,17.953
440,10/11/14 8:35:01 PM,17.953
441,10/11/14 8:45:01 PM,17.953
442,10/11/14 8:55:01 PM,17.891
443,10/11/14 9:05:01 PM,17.891
444,10/11/14 9:15:01 PM,17.891
445,10/11/14 9:25:01 PM,17.891
446,10/11/14 9:35:01 PM,17.891
447,10/11/14 9:45:01 PM,17.891
448,10/11/14 9:55:01 PM,17.891
449,10/11/14 10:05:01 PM,17.891
450,10/11/14 10:15:01 PM,17.891
451,10/11/14 10:25:01 PM,17.891
452,10/11/14 10:35:01 PM,17.891
453,10/11/14 10:45:01 PM,17.891
454,10/11/14 10:55:01 PM,17.891
455,10/11/14 11:05:01 PM,17.828
456,10/11/14 11:15:01 PM,17.828
457,10/11/14 11:25:01 PM,17.828
458,10/11/14 11:35:01 PM,17.828
459,10/11/14 11:45:01 PM,17.828
460,10/11/14 11:55:01 PM,17.828
461,10/12/14 12:05:01 AM,17.828
462,10/12/14 12:15:01 AM,17.828
463,10/12/14 12:25:01 AM,17.828
464,10/12/14 12:35:01 AM,17.828
465,10/12/14 12:45:01 AM,17.828
466,10/12/14 12:55:01 AM,17.828
467,10/12/14 1:05:01 AM,17.828
468,10/12/14 1:15:01 AM,17.766
469,10/12/14 1:25:01 AM,17.766
470,10/12/14 1:35:01 AM,17.766
471,10/12/14 1:45:01 AM,17.766
472,10/12/14 1:55:01 AM,17.766
473,10/12/14 2:05:01 AM,17.766
474,10/12/14 2:15:01 AM,17.766
475,10/12/14 2:25:01 AM,17.766
476,10/12/14 2:35:01 AM,17.766
477,10/12/14 2:45:01 AM,17.766
478,10/12/14 2:55:01 AM,17.766
479,10/12/14 3:05:01 AM,17.766
480,10/12/14 3:15:01 AM,17.766
481,10/12/14 3:25:01 AM,17.766
482,10/12/14 3:35:01 AM,17.703
483,10/12/14 3:45:01 AM,17.703
484,10/12/14 3:55:01 AM,17.703
485,10/12/14 4:05:01 AM,17.703
486,10/12/14 4:15:01 AM,17.703
487,10/12/14 4:25:01 AM,17.703
488,10/12/14 4:35:01 AM,17.703
489,10/12/14 4:45:01 AM,17.703
490,10/12/14 4:55:01 AM,17.703
491,10/12/14 5:05:01 AM,17.703
492,10/12/14 5:15:01 AM,17.703
493,10/12/14 5:25:01 AM,17.703
494,10/12/14 5:35:01 AM,17.703
495,10/12/14 5:45:01 AM,17.703
496,10/12/14 5:55:01 AM,17.64
497,10/12/14 6:05:01 AM,17.64
498,10/12/14 6:15:01 AM,17.64
499,10/12/14 6:25:01 AM,17.64
500,10/12/14 6:35:01 AM,17.64
501,10/12/14 6:45:01 AM,17.64
502,10/12/14 6:55:01 AM,17.64
503,10/12/14 7:05:01 AM,17.64
504,10/12/14 7:15:01 AM,17.64
505,10/12/14 7:25:01 AM,17.64
506,10/12/14 7:35:01 AM,17.64
507,10/12/14 7:45:01 AM,17.64
508,10/12/14 7:55:01 AM,17.64
509,10/12/14 8:05:01 AM,17.64
510,10/12/14 8:15:01 AM,17.578
511,10/12/14 8:25:01 AM,17.578
512,10/12/14 8:35:01 AM,17.578
513,10/12/14 8:45:01 AM,17.578
514,10/12/14 8:55:01 AM,17.578
515,10/12/14 9:05:01 AM,17.578
516,10/12/14 9:15:01 AM,17.578
517,10/12/14 9:25:01 AM,17.578
518,10/12/14 9:35:01 AM,17.578
519,10/12/14 9:45:01 AM,17.578
520,10/12/14 9:55:01 AM,17.578
521,10/12/14 10:05:01 AM,17.578
522,10/12/14 10:15:01 AM,17.515
523,10/12/14 10:25:01 AM,17.515
524,10/12/14 10:35:01 AM,17.515
525,10/12/14 10:45:01 AM,17.515
526,10/12/14 10:55:01 AM,17.515
527,10/12/14 11:05:01 AM,17.515
528,10/12/14 11:15:01 AM,17.515
529,10/12/14 11:25:01 AM,17.515
530,10/12/14 11:35:01 AM,17.515
531,10/12/14 11:45:01 AM,17.515
532,10/12/14 11:55:01 AM,17.515
533,10/12/14 12:05:01 PM,17.515
534,10/12/14 12:15:01 PM,17.453
535,10/12/14 12:25:01 PM,17.515
536,10/12/14 12:35:01 PM,17.453
537,10/12/14 12:45:01 PM,17.453
538,10/12/14 12:55:01 PM,17.453
539,10/12/14 1:05:01 PM,17.453
540,10/12/14 1:15:01 PM,17.453
541,10/12/14 1:25:01 PM,17.453
542,10/12/14 1:35:01 PM,17.453
543,10/12/14 1:45:01 PM,17.453
544,10/12/14 1:55:01 PM,17.453
545,10/12/14 2:05:01 PM,17.453
546,10/12/14 2:15:01 PM,17.453
547,10/12/14 2:25:01 PM,17.453
548,10/12/14 2:35:01 PM,17.453
549,10/12/14 2:45:01 PM,17.39
550,10/12/14 2:55:01 PM,17.39
551,10/12/14 3:05:01 PM,17.39
552,10/12/14 3:15:01 PM,17.39
553,10/12/14 3:25:01 PM,17.39
554,10/12/14 3:35:01 PM,17.39
555,10/12/14 3:45:01 PM,17.39
556,10/12/14 3:55:01 PM,17.39
557,10/12/14 4:05:01 PM,17.39
558,10/12/14 4:15:01 PM,17.39
559,10/12/14 4:25:01 PM,17.39
560,10/12/14 4:35:01 PM,17.39
561,10/12/14 4:45:01 PM,17.39
562,10/12/14 4:55:01 PM,17.39
563,10/12/14 5:05:01 PM,17.328
564,10/12/14 5:15:01 PM,17.328
565,10/12/14 5:25:01 PM,17.328
566,10/12/14 5:35:01 PM,17.328
567,10/12/14 5:45:01 PM,17.328
568,10/12/14 5:55:01 PM,17.328
569,10/12/14 6:05:01 PM,17.328
570,10/12/14 6:15:01 PM,17.328
571,10/12/14 6:25:01 PM,17.328
572,10/12/14 6:35:01 PM,17.328
573,10/12/14 6:45:01 PM,17.328
574,10/12/14 6:55:01 PM,17.328
575,10/12/14 7:05:01 PM,17.328
576,10/12/14 7:15:01 PM,17.328
577,10/12/14 7:25:01 PM,17.328
578,10/12/14 7:35:01 PM,17.328
579,10/12/14 7:45:01 PM,17.265
580,10/12/14 7:55:01 PM,17.265
581,10/12/14 8:05:01 PM,17.265
582,10/12/14 8:15:01 PM,17.265
583,10/12/14 8:25:01 PM,17.265
584,10/12/14 8:35:01 PM,17.202
585,10/12/14 8:45:01 PM,17.202
586,10/12/14 8:55:01 PM,17.202
587,10/12/14 9:05:01 PM,17.202
588,10/12/14 9:15:01 PM,17.202
589,10/12/14 9:25:01 PM,17.202
590,10/12/14 9:35:01 PM,17.14
591,10/12/14 9:45:01 PM,17.14
592,10/12/14 9:55:01 PM,17.14
593,10/12/14 10:05:01 PM,17.14
594,10/12/14 10:15:01 PM,17.14
595,10/12/14 10:25:01 PM,17.14
596,10/12/14 10:35:01 PM,17.14
597,10/12/14 10:45:01 PM,17.14
598,10/12/14 10:55:01 PM,17.077
599,10/12/14 11:05:01 PM,17.077
600,10/12/14 11:15:01 PM,17.077
601,10/12/14 11:25:01 PM,17.077
602,10/12/14 11:35:01 PM,17.077
603,10/12/14 11:45:01 PM,17.077
604,10/12/14 11:55:01 PM,17.077
605,10/13/14 12:05:01 AM,17.077
606,10/13/14 12:15:01 AM,17.077
607,10/13/14 12:25:01 AM,17.077
608,10/13/14 12:35:01 AM,17.015
609,10/13/14 12:45:01 AM,17.015
610,10/13/14 12:55:01 AM,17.015
611,10/13/14 1:05:01 AM,17.015
612,10/13/14 1:15:01 AM,17.015
613,10/13/14 1:25:01 AM,17.015
614,10/13/14 1:35:01 AM,17.015
615,10/13/14 1:45:01 AM,17.015
616,10/13/14 1:55:01 AM,17.015
617,10/13/14 2:05:01 AM,17.015
618,10/13/14 2:15:01 AM,17.015
619,10/13/14 2:25:01 AM,17.015
620,10/13/14 2:35:01 AM,17.015
621,10/13/14 2:45:01 AM,17.015
622,10/13/14 2:55:01 AM,17.015
623,10/13/14 3:05:01 AM,17.015
624,10/13/14 3:15:01 AM,17.015
625,10/13/14 3:25:01 AM,16.952
626,10/13/14 3:35:01 AM,16.952
627,10/13/14 3:45:01 AM,16.952
628,10/13/14 3:55:01 AM,16.952
629,10/13/14 4:05:01 AM,16.952
630,10/13/14 4:15:01 AM,16.952
631,10/13/14 4:25:01 AM,16.952
632,10/13/14 4:35:01 AM,16.952
633,10/13/14 4:45:01 AM,16.952
634,10/13/14 4:55:01 AM,16.952
635,10/13/14 5:05:01 AM,16.952
636,10/13/14 5:15:01 AM,16.952
637,10/13/14 5:25:01 AM,16.952
638,10/13/14 5:35:01 AM,16.952
639,10/13/14 5:45:01 AM,16.952
640,10/13/14 5:55:01 AM,16.952
641,10/13/14 6:05:01 AM,16.952
642,10/13/14 6:15:01 AM,16.952
643,10/13/14 6:25:01 AM,16.952
644,10/13/14 6:35:01 AM,16.952
645,10/13/14 6:45:01 AM,16.952
646,10/13/14 6:55:01 AM,16.952
647,10/13/14 7:05:01 AM,16.952
648,10/13/14 7:15:01 AM,16.952
649,10/13/14 7:25:01 AM,16.89
650,10/13/14 7:35:01 AM,16.89
651,10/13/14 7:45:01 AM,16.89
652,10/13/14 7:55:01 AM,16.89
653,10/13/14 8:05:01 AM,16.89
654,10/13/14 8:15:01 AM,16.89
655,10/13/14 8:25:01 AM,16.89
656,10/13/14 8:35:01 AM,16.89
657,10/13/14 8:45:01 AM,16.89
658,10/13/14 8:55:01 AM,16.89
659,10/13/14 9:05:01 AM,16.89
660,10/13/14 9:15:01 AM,16.89
661,10/13/14 9:25:01 AM,16.89
662,10/13/14 9:35:01 AM,16.89
663,10/13/14 9:45:01 AM,16.89
664,10/13/14 9:55:01 AM,16.89
665,10/13/14 10:05:01 AM,16.89
666,10/13/14 10:15:01 AM,16.89
667,10/13/14 10:25:01 AM,16.89
668,10/13/14 10:35:01 AM,16.89
669,10/13/14 10:45:01 AM,16.89
670,10/13/14 10:55:01 AM,16.89
671,10/13/14 11:05:01 AM,16.89
672,10/13/14 11:15:01 AM,16.89
673,10/13/14 11:25:01 AM,16.89
674,10/13/14 11:35:01 AM,16.89
675,10/13/14 11:45:01 AM,16.89
676,10/13/14 11:55:01 AM,16.89
677,10/13/14 12:05:01 PM,16.89
678,10/13/14 12:15:01 PM,16.89
679,10/13/14 12:25:01 PM,16.89
680,10/13/14 12:35:01 PM,16.89
681,10/13/14 12:45:01 PM,16.89
682,10/13/14 12:55:01 PM,16.89
683,10/13/14 1:05:01 PM,16.89
684,10/13/14 1:15:01 PM,16.89
685,10/13/14 1:25:01 PM,16.89
686,10/13/14 1:35:01 PM,16.89
687,10/13/14 1:45:01 PM,16.89
688,10/13/14 1:55:01 PM,16.89
689,10/13/14 2:05:01 PM,16.827
690,10/13/14 2:15:01 PM,16.827
691,10/13/14 2:25:01 PM,16.827
692,10/13/14 2:35:01 PM,16.827
693,10/13/14 2:45:01 PM,16.827
694,10/13/14 2:55:01 PM,16.827
695,10/13/14 3:05:01 PM,16.827
696,10/13/14 3:15:01 PM,16.827
697,10/13/14 3:25:01 PM,16.827
698,10/13/14 3:35:01 PM,16.827
699,10/13/14 3:45:01 PM,16.827
700,10/13/14 3:55:01 PM,16.89
701,10/13/14 4:05:01 PM,16.89
702,10/13/14 4:15:01 PM,16.89
703,10/13/14 4:25:01 PM,16.89
704,10/13/14 4:35:01 PM,16.89
705,10/13/14 4:45:01 PM,16.89
706,10/13/14 4:55:01 PM,16.89
707,10/13/14 5:05:01 PM,16.89
708,10/13/14 5:15:01 PM,16.952
709,10/13/14 5:25:01 PM,16.89
710,10/13/14 5:35:01 PM,16.89
711,10/13/14 5:45:01 PM,16.89
712,10/13/14 5:55:01 PM,16.952
713,10/13/14 6:05:01 PM,16.952
714,10/13/14 6:15:01 PM,16.952
715,10/13/14 6:25:01 PM,16.89
716,10/13/14 6:35:01 PM,16.952
717,10/13/14 6:45:01 PM,16.952
718,10/13/14 6:55:01 PM,16.952
719,10/13/14 7:05:01 PM,16.952
720,10/13/14 7:15:01 PM,16.952
721,10/13/14 7:25:01 PM,16.89
722,10/13/14 7:35:01 PM,16.952
723,10/13/14 7:45:01 PM,16.89
724,10/13/14 7:55:01 PM,16.89
725,10/13/14 8:05:01 PM,16.952
726,10/13/14 8:15:01 PM,16.89
727,10/13/14 8:25:01 PM,16.89
728,10/13/14 8:35:01 PM,16.89
729,10/13/14 8:45:01 PM,16.89
730,10/13/14 8:55:01 PM,16.89
731,10/13/14 9:05:01 PM,16.89
732,10/13/14 9:15:01 PM,16.89
733,10/13/14 9:25:01 PM,16.89
734,10/13/14 9:35:01 PM,16.89
735,10/13/14 9:45:01 PM,16.89
736,10/13/14 9:55:01 PM,16.89
737,10/13/14 10:05:01 PM,16.89
738,10/13/14 10:15:01 PM,16.89
739,10/13/14 10:25:01 PM,16.89
740,10/13/14 10:35:01 PM,16.89
741,10/13/14 10:45:01 PM,16.89
742,10/13/14 10:55:01 PM,16.89
743,10/13/14 11:05:01 PM,16.89
744,10/13/14 11:15:01 PM,16.89
745,10/13/14 11:25:01 PM,16.89
746,10/13/14 11:35:01 PM,16.89
747,10/13/14 11:45:01 PM,16.89
748,10/13/14 11:55:01 PM,16.89
749,10/14/14 12:05:01 AM,16.89
750,10/14/14 12:15:01 AM,16.89
751,10/14/14 12:25:01 AM,16.89
752,10/14/14 12:35:01 AM,16.89
753,10/14/14 12:45:01 AM,16.89
754,10/14/14 12:55:01 AM,16.89
755,10/14/14 1:05:01 AM,16.89
756,10/14/14 1:15:01 AM,16.89
757,10/14/14 1:25:01 AM,16.89
758,10/14/14 1:35:01 AM,16.89
759,10/14/14 1:45:01 AM,16.89
760,10/14/14 1:55:01 AM,16.89
761,10/14/14 2:05:01 AM,16.89
762,10/14/14 2:15:01 AM,16.89
763,10/14/14 2:25:01 AM,16.827
764,10/14/14 2:35:01 AM,16.89
765,10/14/14 2:45:01 AM,16.89
766,10/14/14 2:55:01 AM,16.827
767,10/14/14 3:05:01 AM,16.827
768,10/14/14 3:15:01 AM,16.89
769,10/14/14 3:25:01 AM,16.89
770,10/14/14 3:35:01 AM,16.827
771,10/14/14 3:45:01 AM,16.827
772,10/14/14 3:55:01 AM,16.827
773,10/14/14 4:05:01 AM,16.827
774,10/14/14 4:15:01 AM,16.827
775,10/14/14 4:25:01 AM,16.827
776,10/14/14 4:35:01 AM,16.827
777,10/14/14 4:45:01 AM,16.89
778,10/14/14 4:55:01 AM,16.89
779,10/14/14 5:05:01 AM,16.89
780,10/14/14 5:15:01 AM,16.89
781,10/14/14 5:25:01 AM,16.89
782,10/14/14 5:35:01 AM,16.89
783,10/14/14 5:45:01 AM,16.89
784,10/14/14 5:55:01 AM,16.89
785,10/14/14 6:05:01 AM,16.89
786,10/14/14 6:15:01 AM,16.89
787,10/14/14 6:25:01 AM,16.89
788,10/14/14 6:35:01 AM,16.952
789,10/14/14 6:45:01 AM,16.89
790,10/14/14 6:55:01 AM,16.89
791,10/14/14 7:05:01 AM,16.89
792,10/14/14 7:15:01 AM,16.952
793,10/14/14 7:25:01 AM,16.89
794,10/14/14 7:35:01 AM,16.89
795,10/14/14 7:45:01 AM,16.89
796,10/14/14 7:55:01 AM,16.89
797,10/14/14 8:05:01 AM,16.89
798,10/14/14 8:15:01 AM,16.89
799,10/14/14 8:25:01 AM,16.89
800,10/14/14 8:35:01 AM,16.89
801,10/14/14 8:45:01 AM,16.89
802,10/14/14 8:55:01 AM,16.89
803,10/14/14 9:05:01 AM,16.89
804,10/14/14 9:15:01 AM,16.89
805,10/14/14 9:25:01 AM,16.89
806,10/14/14 9:35:01 AM,16.89
807,10/14/14 9:45:01 AM,16.89
808,10/14/14 9:55:01 AM,16.89
809,10/14/14 10:05:01 AM,16.89
810,10/14/14 10:15:01 AM,16.89
811,10/14/14 10:25:01 AM,16.89
812,10/14/14 10:35:01 AM,16.89
813,10/14/14 10:45:01 AM,16.89
814,10/14/14 10:55:01 AM,16.89
815,10/14/14 11:05:01 AM,16.89
816,10/14/14 11:15:01 AM,16.89
817,10/14/14 11:25:01 AM,16.89
818,10/14/14 11:35:01 AM,16.89
819,10/14/14 11:45:01 AM,16.89
820,10/14/14 11:55:01 AM,16.827
821,10/14/14 12:05:01 PM,16.89
822,10/14/14 12:15:01 PM,16.827
823,10/14/14 12:25:01 PM,16.827
824,10/14/14 12:35:01 PM,16.827
825,10/14/14 12:45:01 PM,16.827
826,10/14/14 12:55:01 PM,16.89
827,10/14/14 1:05:01 PM,16.89
828,10/14/14 1:15:01 PM,16.89
829,10/14/14 1:25:01 PM,16.89
830,10/14/14 1:35:01 PM,16.89
831,10/14/14 1:45:01 PM,16.952
832,10/14/14 1:55:01 PM,16.952
833,10/14/14 2:05:01 PM,16.952
834,10/14/14 2:15:01 PM,16.952
835,10/14/14 2:25:01 PM,16.952
836,10/14/14 2:35:01 PM,16.952
837,10/14/14 2:45:01 PM,16.952
838,10/14/14 2:55:01 PM,16.952
839,10/14/14 3:05:01 PM,16.952
840,10/14/14 3:15:01 PM,16.952
841,10/14/14 3:25:01 PM,16.952
842,10/14/14 3:35:01 PM,16.952
843,10/14/14 3:45:01 PM,16.952
844,10/14/14 3:55:01 PM,16.952
845,10/14/14 4:05:01 PM,16.952
846,10/14/14 4:15:01 PM,16.952
847,10/14/14 4:25:01 PM,16.952
848,10/14/14 4:35:01 PM,16.952
849,10/14/14 4:45:01 PM,16.952
850,10/14/14 4:55:01 PM,16.952
851,10/14/14 5:05:01 PM,16.952
852,10/14/14 5:15:01 PM,16.952
853,10/14/14 5:25:01 PM,16.952
854,10/14/14 5:35:01 PM,16.952
855,10/14/14 5:45:01 PM,16.952
856,10/14/14 5:55:01 PM,16.952
857,10/14/14 6:05:01 PM,16.952
858,10/14/14 6:15:01 PM,16.952
859,10/14/14 6:25:01 PM,16.952
860,10/14/14 6:35:01 PM,16.952
861,10/14/14 6:45:01 PM,16.952
862,10/14/14 6:55:01 PM,16.952
863,10/14/14 7:05:01 PM,16.952
864,10/14/14 7:15:01 PM,16.952
865,10/14/14 7:25:01 PM,16.952
866,10/14/14 7:35:01 PM,16.952
867,10/14/14 7:45:01 PM,16.952
868,10/14/14 7:55:01 PM,16.89
869,10/14/14 8:05:01 PM,16.952
870,10/14/14 8:15:01 PM,16.89
871,10/14/14 8:25:01 PM,16.89
872,10/14/14 8:35:01 PM,16.89
873,10/14/14 8:45:01 PM,16.89
874,10/14/14 8:55:01 PM,16.89
875,10/14/14 9:05:01 PM,16.89
876,10/14/14 9:15:01 PM,16.89
877,10/14/14 9:25:01 PM,16.89
878,10/14/14 9:35:01 PM,16.89
879,10/14/14 9:45:01 PM,16.89
880,10/14/14 9:55:01 PM,16.89
881,10/14/14 10:05:01 PM,16.89
882,10/14/14 10:15:01 PM,16.89
883,10/14/14 10:25:01 PM,16.89
884,10/14/14 10:35:01 PM,16.89
885,10/14/14 10:45:01 PM,16.89
886,10/14/14 10:55:01 PM,16.89
887,10/14/14 11:05:01 PM,16.89
888,10/14/14 11:15:01 PM,16.89
889,10/14/14 11:25:01 PM,16.89
890,10/14/14 11:35:01 PM,16.89
891,10/14/14 11:45:01 PM,16.89
892,10/14/14 11:55:01 PM,16.89
893,10/15/14 12:05:01 AM,16.89
894,10/15/14 12:15:01 AM,16.89
895,10/15/14 12:25:01 AM,16.89
896,10/15/14 12:35:01 AM,16.89
897,10/15/14 12:45:01 AM,16.89
898,10/15/14 12:55:01 AM,16.89
899,10/15/14 1:05:01 AM,16.89
900,10/15/14 1:15:01 AM,16.89
901,10/15/14 1:25:01 AM,16.89
902,10/15/14 1:35:01 AM,16.89
903,10/15/14 1:45:01 AM,16.89
904,10/15/14 1:55:01 AM,16.89
905,10/15/14 2:05:01 AM,16.89
906,10/15/14 2:15:01 AM,16.827
907,10/15/14 2:25:01 AM,16.89
908,10/15/14 2:35:01 AM,16.89
909,10/15/14 2:45:01 AM,16.89
910,10/15/14 2:55:01 AM,16.89
911,10/15/14 3:05:01 AM,16.827
912,10/15/14 3:15:01 AM,16.827
913,10/15/14 3:25:01 AM,16.827
914,10/15/14 3:35:01 AM,16.827
915,10/15/14 3:45:01 AM,16.827
916,10/15/14 3:55:01 AM,16.827
917,10/15/14 4:05:01 AM,16.827
918,10/15/14 4:15:01 AM,16.827
919,10/15/14 4:25:01 AM,16.827
920,10/15/14 4:35:01 AM,16.827
921,10/15/14 4:45:01 AM,16.827
922,10/15/14 4:55:01 AM,16.827
923,10/15/14 5:05:01 AM,16.827
924,10/15/14 5:15:01 AM,16.827
925,10/15/14 5:25:01 AM,16.827
926,10/15/14 5:35:01 AM,16.827
927,10/15/14 5:45:01 AM,16.827
928,10/15/14 5:55:01 AM,16.827
929,10/15/14 6:05:01 AM,16.827
930,10/15/14 6:15:01 AM,16.827
931,10/15/14 6:25:01 AM,16.827
932,10/15/14 6:35:01 AM,16.827
933,10/15/14 6:45:01 AM,16.827
934,10/15/14 6:55:01 AM,16.827
935,10/15/14 7:05:01 AM,16.827
936,10/15/14 7:15:01 AM,16.827
937,10/15/14 7:25:01 AM,16.827
938,10/15/14 7:35:01 AM,16.827
939,10/15/14 7:45:01 AM,16.827
940,10/15/14 7:55:01 AM,16.827
941,10/15/14 8:05:01 AM,16.827
942,10/15/14 8:15:01 AM,16.827
943,10/15/14 8:25:01 AM,16.827
944,10/15/14 8:35:01 AM,16.827
945,10/15/14 8:45:01 AM,16.827
946,10/15/14 8:55:01 AM,16.827
947,10/15/14 9:05:01 AM,16.827
948,10/15/14 9:15:01 AM,16.89
949,10/15/14 9:25:01 AM,16.89
950,10/15/14 9:35:01 AM,16.89
951,10/15/14 9:45:01 AM,16.952
952,10/15/14 9:55:01 AM,16.952
953,10/15/14 10:05:01 AM,16.952
954,10/15/14 10:15:01 AM,16.952
955,10/15/14 10:25:01 AM,17.015
956,10/15/14 10:35:01 AM,17.015
957,10/15/14 10:45:01 AM,17.077
958,10/15/14 10:55:01 AM,17.077
959,10/15/14 11:05:01 AM,17.14
960,10/15/14 11:15:01 AM,17.14
961,10/15/14 11:25:01 AM,17.202
962,10/15/14 11:35:01 AM,17.202
963,10/15/14 11:45:01 AM,17.265
964,10/15/14 11:55:01 AM,17.328
965,10/15/14 12:05:01 PM,17.328
966,10/15/14 12:15:01 PM,17.39
967,10/15/14 12:25:01 PM,17.39
968,10/15/14 12:35:01 PM,17.39
969,10/15/14 12:45:01 PM,17.39
970,10/15/14 12:55:01 PM,17.453
971,10/15/14 1:05:01 PM,17.453
972,10/15/14 1:15:01 PM,17.453
973,10/15/14 1:25:01 PM,17.453
974,10/15/14 1:35:01 PM,17.453
975,10/15/14 1:45:01 PM,17.453
976,10/15/14 1:55:01 PM,17.453
977,10/15/14 2:05:01 PM,17.515
978,10/15/14 2:15:01 PM,17.453
979,10/15/14 2:25:01 PM,17.515
980,10/15/14 2:35:01 PM,17.515
981,10/15/14 2:45:01 PM,17.515
982,10/15/14 2:55:01 PM,17.515
983,10/15/14 3:05:01 PM,17.515
984,10/15/14 3:15:01 PM,17.515
985,10/15/14 3:25:01 PM,17.515
986,10/15/14 3:35:01 PM,17.515
987,10/15/14 3:45:01 PM,17.515
988,10/15/14 3:55:01 PM,17.515
989,10/15/14 4:05:01 PM,17.703
990,10/15/14 4:15:01 PM,17.953
991,10/15/14 4:25:01 PM,18.141
